{"profiling/Time taken: DiffuGRPOTrainer.correctness_reward_func_math": 0.0004987209686078131, "_timestamp": 1775622397.4043941, "_runtime": 196.16518306732178, "_step": 162, "profiling/Time taken: DiffuGRPOTrainer.boxed_and_answer_tags_format_reward": 5.669397069141269e-05, "profiling/Time taken: DiffuGRPOTrainer.compute_loss": 0.16457052098121494, "train/loss": -0.0038, "train/grad_norm": 0.5263504981994629, "train/learning_rate": 3e-06, "train/completion_length": 256.0, "train/zero_std_ratio": 0.0, "train/rewards/correctness_reward_func_math": 1.1666666567325592, "train/rewards/boxed_and_answer_tags_format_reward": 0.6666666865348816, "train/reward": 1.833333432674408, "train/reward_std": 0.9576709866523743, "train/kl": 0.0018032386433333158, "train/clip_ratio": 0.0006510416860692203, "train/epoch": 0.0010666666666666667, "train/global_step": 48}